model,test,seed,field,n,threshold,nb_only,nn_only,nb_nn_mixed,no_nb_nn,nb_only_pct,nn_only_pct,nb_nn_mixed_pct,no_nb_nn_pct,mean_nb,mean_nn,mean_nb_minus_nn,mean_da,mean_sv,mean_other
original,original,42,prediction,1742,0.5,1378,242,104,18,0.7910447761194029,0.13892078071182548,0.05970149253731343,0.010332950631458095,0.8458278580241538,0.19933963165233615,0.6464882263718177,0.01800538139484362,0.008462255004609526,0.006624496299363128
original,original,42,reference,1742,0.5,1328,299,104,11,0.7623421354764638,0.17164179104477612,0.05970149253731343,0.006314580941446613,0.8165272416246847,0.2332824244502609,0.5832448171744238,0.01656976923641718,0.005993264365612106,0.00516774315378256
original,original,123,prediction,1742,0.5,1374,251,102,15,0.7887485648679678,0.14408725602755454,0.05855338691159587,0.008610792192881744,0.8417923747059556,0.20373952790594685,0.6380528468000087,0.01891541420775894,0.00708920052264369,0.006648831100533238
original,original,123,reference,1742,0.5,1328,299,104,11,0.7623421354764638,0.17164179104477612,0.05970149253731343,0.006314580941446613,0.8165272416246847,0.2332824244502609,0.5832448171744238,0.01656976923641718,0.005993264365612106,0.00516774315378256
original,original,456,prediction,1742,0.5,1377,244,102,19,0.7904707233065442,0.14006888633754305,0.05855338691159587,0.010907003444316877,0.8441724644627606,0.20083375073936016,0.6433387137234005,0.01877890595224288,0.007918264502318948,0.006642309345327721
original,original,456,reference,1742,0.5,1328,299,104,11,0.7623421354764638,0.17164179104477612,0.05970149253731343,0.006314580941446613,0.8165272416246847,0.2332824244502609,0.5832448171744238,0.01656976923641718,0.005993264365612106,0.00516774315378256
original,bokmal,42,prediction,1313,0.5,1250,44,15,4,0.952018278750952,0.03351104341203351,0.011424219345011425,0.0030464584920030465,0.9604599044449175,0.052163982483243956,0.9082959219616735,0.008075515227928176,0.002143302893599612,0.0028643008325158876
original,bokmal,42,reference,1313,0.5,1308,2,2,1,0.9961919268849961,0.0015232292460015233,0.0015232292460015233,0.0007616146230007616,0.9952244196833315,0.012052049855814229,0.9831723698275173,0.00626804526405396,0.0011567812996156582,0.0017780452843370062
original,bokmal,123,prediction,1313,0.5,1245,51,13,4,0.9482102056359482,0.03884234577303884,0.009900990099009901,0.0030464584920030465,0.9551442258455817,0.05611806311911824,0.8990261627264634,0.008468201890203694,0.0021591645942557196,0.0028650198905242857
original,bokmal,123,reference,1313,0.5,1308,2,2,1,0.9961919268849961,0.0015232292460015233,0.0015232292460015233,0.0007616146230007616,0.9952244196833315,0.012052049855814229,0.9831723698275173,0.00626804526405396,0.0011567812996156582,0.0017780452843370062
original,bokmal,456,prediction,1313,0.5,1250,45,13,5,0.952018278750952,0.03427265803503427,0.009900990099009901,0.003808073115003808,0.9591792597030244,0.0525507000427901,0.9066285596602344,0.008199699470922826,0.0021768831953960528,0.002856318755736212
original,bokmal,456,reference,1313,0.5,1308,2,2,1,0.9961919268849961,0.0015232292460015233,0.0015232292460015233,0.0007616146230007616,0.9952244196833315,0.012052049855814229,0.9831723698275173,0.00626804526405396,0.0011567812996156582,0.0017780452843370062
original,flores_nob,42,prediction,1012,0.5,984,5,10,13,0.9723320158102767,0.004940711462450593,0.009881422924901186,0.012845849802371542,0.981359249023831,0.01571957163326336,0.9656396773905677,0.014390627384848278,0.0017351714604201297,0.000871332592953557
original,flores_nob,42,reference,1012,0.5,1007,1,4,0,0.9950592885375494,0.0009881422924901185,0.003952569169960474,0.0,0.9978331201781704,0.007094928769385495,0.9907381914087849,0.0013218497429349047,0.0008334717266313919,0.0008422417731456626
original,flores_nob,123,prediction,1012,0.5,989,2,11,10,0.9772727272727273,0.001976284584980237,0.010869565217391304,0.009881422924901186,0.9850234744986133,0.015436270714618644,0.9695872037839947,0.01354166052543826,0.0010778323676420862,0.0008781729272158707
original,flores_nob,123,reference,1012,0.5,1007,1,4,0,0.9950592885375494,0.0009881422924901185,0.003952569169960474,0.0,0.9978331201781704,0.007094928769385495,0.9907381914087849,0.0013218497429349047,0.0008334717266313919,0.0008422417731456626
original,flores_nob,456,prediction,1012,0.5,984,5,13,10,0.9723320158102767,0.004940711462450593,0.012845849802371542,0.009881422924901186,0.9817662337345286,0.019247637343551643,0.962518596390977,0.013141331368668307,0.0012537368957666274,0.0008480156101408061
original,flores_nob,456,reference,1012,0.5,1007,1,4,0,0.9950592885375494,0.0009881422924901185,0.003952569169960474,0.0,0.9978331201781704,0.007094928769385495,0.9907381914087849,0.0013218497429349047,0.0008334717266313919,0.0008422417731456626
original,flores_nno,42,prediction,1012,0.5,984,5,10,13,0.9723320158102767,0.004940711462450593,0.009881422924901186,0.012845849802371542,0.981359249023831,0.01571957163326336,0.9656396773905677,0.014390627384848278,0.0017351714604201297,0.000871332592953557
original,flores_nno,42,reference,1012,0.5,2,1007,3,0,0.001976284584980237,0.9950592885375494,0.0029644268774703555,0.0,0.006034407033655183,0.997153448739748,-0.9911190417060928,0.000522873138172806,0.0005042827354124959,0.0007663631052421379
original,flores_nno,123,prediction,1012,0.5,989,2,11,10,0.9772727272727273,0.001976284584980237,0.010869565217391304,0.009881422924901186,0.9850234744986133,0.015436270714618644,0.9695872037839947,0.01354166052543826,0.0010778323676420862,0.0008781729272158707
original,flores_nno,123,reference,1012,0.5,2,1007,3,0,0.001976284584980237,0.9950592885375494,0.0029644268774703555,0.0,0.006034407033655183,0.997153448739748,-0.9911190417060928,0.000522873138172806,0.0005042827354124959,0.0007663631052421379
original,flores_nno,456,prediction,1012,0.5,984,5,13,10,0.9723320158102767,0.004940711462450593,0.012845849802371542,0.009881422924901186,0.9817662337345286,0.019247637343551643,0.962518596390977,0.013141331368668307,0.0012537368957666274,0.0008480156101408061
original,flores_nno,456,reference,1012,0.5,2,1007,3,0,0.001976284584980237,0.9950592885375494,0.0029644268774703555,0.0,0.006034407033655183,0.997153448739748,-0.9911190417060928,0.000522873138172806,0.0005042827354124959,0.0007663631052421379
original_subsampled,original,42,prediction,1742,0.5,1362,260,102,18,0.7818599311136625,0.14925373134328357,0.05855338691159587,0.010332950631458095,0.8361257904604078,0.2092618633821538,0.626863927078254,0.01884364021544757,0.007593198625811962,0.006508410813917812
original_subsampled,original,42,reference,1742,0.5,1328,299,104,11,0.7623421354764638,0.17164179104477612,0.05970149253731343,0.006314580941446613,0.8165272416246847,0.2332824244502609,0.5832448171744238,0.01656976923641718,0.005993264365612106,0.00516774315378256
original_subsampled,original,123,prediction,1742,0.5,1380,240,104,18,0.7921928817451206,0.1377726750861079,0.05970149253731343,0.010332950631458095,0.8471206281947505,0.19924870539238426,0.6478719228023663,0.017424660172376122,0.008277995270483876,0.0063606523063794865
original_subsampled,original,123,reference,1742,0.5,1328,299,104,11,0.7623421354764638,0.17164179104477612,0.05970149253731343,0.006314580941446613,0.8165272416246847,0.2332824244502609,0.5832448171744238,0.01656976923641718,0.005993264365612106,0.00516774315378256
original_subsampled,original,456,prediction,1742,0.5,1388,244,94,16,0.7967853042479908,0.14006888633754305,0.0539609644087256,0.009184845005740528,0.8466400735646247,0.19592968295578758,0.6507103906088371,0.017727298425963305,0.007745231403712273,0.00645714353567619
original_subsampled,original,456,reference,1742,0.5,1328,299,104,11,0.7623421354764638,0.17164179104477612,0.05970149253731343,0.006314580941446613,0.8165272416246847,0.2332824244502609,0.5832448171744238,0.01656976923641718,0.005993264365612106,0.00516774315378256
original_subsampled,bokmal,42,prediction,1313,0.5,1232,64,10,7,0.9383092155369384,0.048743335872048744,0.007616146230007616,0.005331302361005331,0.944843516828543,0.06484419498340589,0.8799993218451371,0.008359638650440055,0.0019380410401490299,0.0028589476795248835
original_subsampled,bokmal,42,reference,1313,0.5,1308,2,2,1,0.9961919268849961,0.0015232292460015233,0.0015232292460015233,0.0007616146230007616,0.9952244196833315,0.012052049855814229,0.9831723698275173,0.00626804526405396,0.0011567812996156582,0.0017780452843370062
original_subsampled,bokmal,123,prediction,1313,0.5,1246,51,11,5,0.948971820258949,0.03884234577303884,0.008377760853008377,0.003808073115003808,0.9549339129263604,0.05510227449314174,0.8998316384332187,0.007065786768746183,0.0018731772031516725,0.002856625446509709
original_subsampled,bokmal,123,reference,1313,0.5,1308,2,2,1,0.9961919268849961,0.0015232292460015233,0.0015232292460015233,0.0007616146230007616,0.9952244196833315,0.012052049855814229,0.9831723698275173,0.00626804526405396,0.0011567812996156582,0.0017780452843370062
original_subsampled,bokmal,456,prediction,1313,0.5,1255,46,8,4,0.9558263518659559,0.035034272658035034,0.006092916984006093,0.0030464584920030465,0.9603546012992887,0.04844262591366642,0.9119119753856223,0.00736655993980041,0.0018532472873874293,0.0028571389518537746
original_subsampled,bokmal,456,reference,1313,0.5,1308,2,2,1,0.9961919268849961,0.0015232292460015233,0.0015232292460015233,0.0007616146230007616,0.9952244196833315,0.012052049855814229,0.9831723698275173,0.00626804526405396,0.0011567812996156582,0.0017780452843370062
original_subsampled,flores_nob,42,prediction,1012,0.5,985,6,11,10,0.9733201581027668,0.005928853754940711,0.010869565217391304,0.009881422924901186,0.9817143856456205,0.018078328558572266,0.9636360570870482,0.012842137270310179,0.0007848614538377178,0.0008606780906472842
original_subsampled,flores_nob,42,reference,1012,0.5,1007,1,4,0,0.9950592885375494,0.0009881422924901185,0.003952569169960474,0.0,0.9978331201781704,0.007094928769385495,0.9907381914087849,0.0013218497429349047,0.0008334717266313919,0.0008422417731456626
original_subsampled,flores_nob,123,prediction,1012,0.5,991,1,11,9,0.9792490118577075,0.0009881422924901185,0.010869565217391304,0.008893280632411068,0.9873236596907338,0.014611210416405236,0.9727124492743285,0.011861670266927846,0.001147662469675161,0.0008374851649393454
original_subsampled,flores_nob,123,reference,1012,0.5,1007,1,4,0,0.9950592885375494,0.0009881422924901185,0.003952569169960474,0.0,0.9978331201781704,0.007094928769385495,0.9907381914087849,0.0013218497429349047,0.0008334717266313919,0.0008422417731456626
original_subsampled,flores_nob,456,prediction,1012,0.5,983,6,11,12,0.9713438735177866,0.005928853754940711,0.010869565217391304,0.011857707509881422,0.9802565472690562,0.01821044435552682,0.9620461029135294,0.015041421437100818,0.0010758072654432822,0.0008623402597654263
original_subsampled,flores_nob,456,reference,1012,0.5,1007,1,4,0,0.9950592885375494,0.0009881422924901185,0.003952569169960474,0.0,0.9978331201781704,0.007094928769385495,0.9907381914087849,0.0013218497429349047,0.0008334717266313919,0.0008422417731456626
original_subsampled,flores_nno,42,prediction,1012,0.5,985,6,11,10,0.9733201581027668,0.005928853754940711,0.010869565217391304,0.009881422924901186,0.9817143856456205,0.018078328558572266,0.9636360570870482,0.012842137270310179,0.0007848614538377178,0.0008606780906472842
original_subsampled,flores_nno,42,reference,1012,0.5,2,1007,3,0,0.001976284584980237,0.9950592885375494,0.0029644268774703555,0.0,0.006034407033655183,0.997153448739748,-0.9911190417060928,0.000522873138172806,0.0005042827354124959,0.0007663631052421379
original_subsampled,flores_nno,123,prediction,1012,0.5,991,1,11,9,0.9792490118577075,0.0009881422924901185,0.010869565217391304,0.008893280632411068,0.9873236596907338,0.014611210416405236,0.9727124492743285,0.011861670266927846,0.001147662469675161,0.0008374851649393454
original_subsampled,flores_nno,123,reference,1012,0.5,2,1007,3,0,0.001976284584980237,0.9950592885375494,0.0029644268774703555,0.0,0.006034407033655183,0.997153448739748,-0.9911190417060928,0.000522873138172806,0.0005042827354124959,0.0007663631052421379
original_subsampled,flores_nno,456,prediction,1012,0.5,983,6,11,12,0.9713438735177866,0.005928853754940711,0.010869565217391304,0.011857707509881422,0.9802565472690562,0.01821044435552682,0.9620461029135294,0.015041421437100818,0.0010758072654432822,0.0008623402597654263
original_subsampled,flores_nno,456,reference,1012,0.5,2,1007,3,0,0.001976284584980237,0.9950592885375494,0.0029644268774703555,0.0,0.006034407033655183,0.997153448739748,-0.9911190417060928,0.000522873138172806,0.0005042827354124959,0.0007663631052421379
bokmal,original,42,prediction,1742,0.5,1626,13,86,17,0.9334098737083811,0.007462686567164179,0.04936854190585534,0.00975889781859931,0.9781699989311264,0.0596926772065915,0.9184773217245349,0.017002179119935106,0.007051750482752108,0.006361596717533079
bokmal,original,42,reference,1742,0.5,1328,299,104,11,0.7623421354764638,0.17164179104477612,0.05970149253731343,0.006314580941446613,0.8165272416246847,0.2332824244502609,0.5832448171744238,0.01656976923641718,0.005993264365612106,0.00516774315378256
bokmal,original,123,prediction,1742,0.5,1626,12,84,20,0.9334098737083811,0.006888633754305396,0.04822043628013777,0.011481056257175661,0.9777132688885732,0.059204362720426444,0.9185089061681468,0.01844445377054504,0.007538102369913857,0.006151299552438345
bokmal,original,123,reference,1742,0.5,1328,299,104,11,0.7623421354764638,0.17164179104477612,0.05970149253731343,0.006314580941446613,0.8165272416246847,0.2332824244502609,0.5832448171744238,0.01656976923641718,0.005993264365612106,0.00516774315378256
bokmal,original,456,prediction,1742,0.5,1628,11,83,20,0.9345579793340988,0.006314580941446613,0.04764638346727899,0.011481056257175661,0.9786115094533363,0.05830629527845805,0.9203052141748782,0.017327026182596638,0.007867219695991917,0.00663199520200666
bokmal,original,456,reference,1742,0.5,1328,299,104,11,0.7623421354764638,0.17164179104477612,0.05970149253731343,0.006314580941446613,0.8165272416246847,0.2332824244502609,0.5832448171744238,0.01656976923641718,0.005993264365612106,0.00516774315378256
bokmal,bokmal,42,prediction,1313,0.5,1298,0,11,4,0.9885757806549885,0.0,0.008377760853008377,0.0030464584920030465,0.9933698833469651,0.016425229489832084,0.976944653857133,0.007724058735547006,0.001854922895534481,0.002468354104400227
bokmal,bokmal,42,reference,1313,0.5,1308,2,2,1,0.9961919268849961,0.0015232292460015233,0.0015232292460015233,0.0007616146230007616,0.9952244196833315,0.012052049855814229,0.9831723698275173,0.00626804526405396,0.0011567812996156582,0.0017780452843370062
bokmal,bokmal,123,prediction,1313,0.5,1295,1,10,7,0.9862909367859863,0.0007616146230007616,0.007616146230007616,0.005331302361005331,0.9912971068125414,0.016794003537449163,0.9745031032750922,0.00946448945119567,0.0018467585526168748,0.0028632077961282206
bokmal,bokmal,123,reference,1313,0.5,1308,2,2,1,0.9961919268849961,0.0015232292460015233,0.0015232292460015233,0.0007616146230007616,0.9952244196833315,0.012052049855814229,0.9831723698275173,0.00626804526405396,0.0011567812996156582,0.0017780452843370062
bokmal,bokmal,456,prediction,1313,0.5,1299,0,9,5,0.9893373952779894,0.0,0.006854531607006854,0.003808073115003808,0.9929466268490299,0.015419131463366481,0.9775274953856634,0.00795839768688505,0.0018741687228988957,0.0029916281680105613
bokmal,bokmal,456,reference,1313,0.5,1308,2,2,1,0.9961919268849961,0.0015232292460015233,0.0015232292460015233,0.0007616146230007616,0.9952244196833315,0.012052049855814229,0.9831723698275173,0.00626804526405396,0.0011567812996156582,0.0017780452843370062
bokmal,flores_nob,42,prediction,1012,0.5,996,2,8,6,0.9841897233201581,0.001976284584980237,0.007905138339920948,0.005928853754940711,0.9904850375366474,0.012561258242561667,0.9779237792940857,0.009997984808801215,0.0007844882588240853,0.0008458206384854457
bokmal,flores_nob,42,reference,1012,0.5,1007,1,4,0,0.9950592885375494,0.0009881422924901185,0.003952569169960474,0.0,0.9978331201781704,0.007094928769385495,0.9907381914087849,0.0013218497429349047,0.0008334717266313919,0.0008422417731456626
bokmal,flores_nob,123,prediction,1012,0.5,988,3,9,12,0.9762845849802372,0.0029644268774703555,0.008893280632411068,0.011857707509881422,0.9851282155449528,0.014027388696409229,0.9711008268485436,0.014371235301526755,0.0008475776827746361,0.0008657846323431543
bokmal,flores_nob,123,reference,1012,0.5,1007,1,4,0,0.9950592885375494,0.0009881422924901185,0.003952569169960474,0.0,0.9978331201781704,0.007094928769385495,0.9907381914087849,0.0013218497429349047,0.0008334717266313919,0.0008422417731456626
bokmal,flores_nob,456,prediction,1012,0.5,991,2,9,10,0.9792490118577075,0.001976284584980237,0.008893280632411068,0.009881422924901186,0.9869315083048458,0.01142973617419981,0.9755017721306459,0.0140645127157768,0.0007724137641798375,0.000852409100182492
bokmal,flores_nob,456,reference,1012,0.5,1007,1,4,0,0.9950592885375494,0.0009881422924901185,0.003952569169960474,0.0,0.9978331201781704,0.007094928769385495,0.9907381914087849,0.0013218497429349047,0.0008334717266313919,0.0008422417731456626
bokmal,flores_nno,42,prediction,1012,0.5,996,2,8,6,0.9841897233201581,0.001976284584980237,0.007905138339920948,0.005928853754940711,0.9904850375366474,0.012561258242561667,0.9779237792940857,0.009997984808801215,0.0007844882588240853,0.0008458206384854457
bokmal,flores_nno,42,reference,1012,0.5,2,1007,3,0,0.001976284584980237,0.9950592885375494,0.0029644268774703555,0.0,0.006034407033655183,0.997153448739748,-0.9911190417060928,0.000522873138172806,0.0005042827354124959,0.0007663631052421379
bokmal,flores_nno,123,prediction,1012,0.5,988,3,9,12,0.9762845849802372,0.0029644268774703555,0.008893280632411068,0.011857707509881422,0.9851282155449528,0.014027388696409229,0.9711008268485436,0.014371235301526755,0.0008475776827746361,0.0008657846323431543
bokmal,flores_nno,123,reference,1012,0.5,2,1007,3,0,0.001976284584980237,0.9950592885375494,0.0029644268774703555,0.0,0.006034407033655183,0.997153448739748,-0.9911190417060928,0.000522873138172806,0.0005042827354124959,0.0007663631052421379
bokmal,flores_nno,456,prediction,1012,0.5,991,2,9,10,0.9792490118577075,0.001976284584980237,0.008893280632411068,0.009881422924901186,0.9869315083048458,0.01142973617419981,0.9755017721306459,0.0140645127157768,0.0007724137641798375,0.000852409100182492
bokmal,flores_nno,456,reference,1012,0.5,2,1007,3,0,0.001976284584980237,0.9950592885375494,0.0029644268774703555,0.0,0.006034407033655183,0.997153448739748,-0.9911190417060928,0.000522873138172806,0.0005042827354124959,0.0007663631052421379
